    [{
           "key": "游戏",
            "values": [
                [ 1401595200000 , 90] ,
                [ 1401681600000 , 60] ,
                [ 1401768000000 , 50] ,
                [ 1401854400000 , 110] ,
                [ 1401940800000 , 50] ,
                [ 1402027200000 , 0] ,
                [ 1402113600000 , 50]]
       },

            {
           "key": "社交",
            "values": [
                [ 1401595200000 , 250] ,
                [ 1401681600000 , 60] ,
                [ 1401768000000 , 150] ,
                [ 1401854400000 , 210] ,
                [ 1401940800000 , 100] ,
                [ 1402027200000 , 110] ,
                [ 1402113600000 , 150] ]
       },

        {
           "key": "视频",
            "values": [
                [ 1401595200000 , 500] ,
                [ 1401681600000 , 460] ,
                [ 1401768000000 , 350] ,
                [ 1401854400000 , 390] ,
                [ 1401940800000 , 400] ,
                [ 1402027200000 , 310] ,
                [ 1402113600000 , 290] ]
       },

        {
           "key": "网页",
            "values": [
                [ 1401595200000 , 130] ,
                [ 1401681600000 , 230] ,
                [ 1401768000000 , 160] ,
                [ 1401854400000 , 170] ,
                [ 1401940800000 , 190] ,
                [ 1402027200000 , 210] ,
                [ 1402113600000 , 230]  ]
       },

        {
           "key": "IM",
            "values": [
                [ 1401595200000 , 300] ,
                [ 1401681600000 , 260] ,
                [ 1401768000000 , 250] ,
                [ 1401854400000 , 310] ,
                [ 1401940800000 , 200] ,
                [ 1402027200000 , 210] ,
                [ 1402113600000 , 150] ]
       }
       ]
